key;wordform;phenomenon
anhaltende_dürre;anhaltende_dürre;dürre
dürre;dürre;dürre
flnth;fluth;fluth
flut;fluth;fluth
flutb;fluth;fluth
flutben;fluth;fluth
fluth;fluth;fluth
fluthcn;fluth;fluth
fluthen;fluth;fluth
fluthwelle;fluthwelle;fluth
hochfluth;hochfluth;fluth
hochfluthen;hochfluth;fluth
hoch-wasser;hochwasser;fluth
hochwasser;hochwasser;fluth
hochwassers;hochwasser;fluth
springfluth;springfluth;fluth
wasserfluthen;wasserfluth;fluth
ueberfluthungen;überfluthung;fluth
frost;frost;frost
froste;frost;frost
frostes;frost;frost
fröste;frost;frost
frösten;frost;frost
grad_frost;grad_frost;frost
kahlfrost;kahlfrost;frost
nachtfrost;nachtfrost;frost
nachtfröste;nachtfrost;frost
nachtfrösten;nachtfrost;frost
nachtsröste;nachtfrost;frost
reiffrost;reiffrost;frost
frost_schnee;frost_schnee;"frost;schnee"
frostwetter;frostwetter;"frost;wetter"
blitz;blitz;gewitter
blitze;blitz;gewitter
blitz_donner;blitz_donner;gewitter
blitzschlag;blitzschlag;gewitter
blitzschläge;blitzschlag;gewitter
blitzstrahl;blitzstrahl;gewitter
donner_blitz;donner_blitz;gewitter
donnerschlag;donnerschlag;gewitter
donnerschlage;donnerschlag;gewitter
donnerschläge;donnerschlag;gewitter
donnerschlägen;donnerschlag;gewitter
ge-witter;gewitter;gewitter
gewitter;gewitter;gewitter
gewittern;gewitter;gewitter
gewitters;gewitter;gewitter
heftiges_gewitter;heftiges_gewitter;gewitter
starkes_gewitter;starkes_gewitter;gewitter
gewitterregen;gewitterregen;"gewitter;regen"
gewitterregens;gewitterregen;"gewitter;regen"
gewittersturm;gewittersturm;"gewitter;sturm"
gewitterstürme;gewittersturm;"gewitter;sturm"
gewitterwolke;gewitterwolke;"gewitter;wolken"
gewitterwolken;gewitterwolke;"gewitter;wolken"
hagel;hagel;hagel
hagels;hagel;hagel
hagelkörner;hagelkörner;hagel
hagelschauer;hagelschauer;hagel
hagelschlag;hagelschlag;hagel
hagelschlage;hagelschlag;hagel
hagelschläge;hagelschlag;hagel
hagelschlossen;hagelschlossen;hagel
hagelstücke;hagelstücke;hagel
hagelwetter;hagelwetter;hagel
schlossen;schloßen;hagel
schloßen;schloßen;hagel
hagelsturm;hagelsturm;"hagel;sturm"
heiterem_himmel;heiterer_himmel;heiter
heiterer_himmel;heiterer_himmel;heiter
klarem_himmel;klarer_himmel;heiter
klarer_himmel;klarer_himmel;heiter
heiter_warm;heiter_warm;"heiter;warm"
hitze;hitze;hitze
hitze_grad;hitzegrad;hitze
hitzegrad;hitzegrad;hitze
mittagshitze;mittagshitze;hitze
sommerhitze;sommerhitze;hitze
sonnenhitze;sonnenhitze;hitze
kalte_witterung;kalte_witterung;"kalte;witterung"
himmelsstrich;himmelsstrich;klima
himmelsstriche;himmelsstrich;klima
clima;klima;klima
klima;klima;klima
klimas;klima;klima
klimate;klimate;klima
klimaten;klimate;klima
klimatischen_verhältnisse;klimatische_verhältnisse;klima
klimatischen_verhältnissen;klimatische_verhältnisse;klima
grad_kälte;grad_kälte;kälte
aalte;kalte;kälte
kälte;kälte;kälte
külte;kälte;kälte
kälte_grad;kältegrad;kälte
kältegrad;kältegrad;kälte
kältegrade;kältegrad;kälte
strenge_kälte;strenge_kälte;kälte
strengen_kälte;strenge_kälte;kälte
winterkälte;winterkälte;kälte
kühle;kühle;kühle
naturereignis;naturereignis;naturereignis
naturereignisse;naturereignis;naturereignis
dichten_nebel;dichter_nebel;nebel
dichter_nebel;dichter_nebel;nebel
nebel;nebel;nebel
nebeln;nebel;nebel
nebels;nebel;nebel
rebel;nebel;nebel
nebelwolken;nebelwolken;"nebel;wolken"
niederschlag;niederschlag;niederschlag
niederschlages;niederschlag;niederschlag
niederschläge;niederschlag;niederschlag
niederschlägen;niederschlag;niederschlag
nordlichter;nordlichter;nordlichter
polarlichter;polarlichter;nordlichter
aequinoctialstürme;aequinoctialsturm;orkan
cyklon;cyklon;orkan
orcan;orkan;orkan
orkan;orkan;orkan
orkane;orkan;orkan
orkans;orkan;orkan
scirocco;scirocco;orkan
sirocco;scirocco;orkan
taifun;taifun;orkan
taikun;taifun;orkan
taikuu;taifun;orkan
teikun;taifun;orkan
typhon;taifun;orkan
anhaltenden_regen;anhaltender_regen;regen
güsse;guß;regen
herbstregen;herbstregen;regen
landregen;landregen;regen
platzregen;platzregen;regen
platzregens;platzregen;regen
negen;regen;regen
regen;regen;regen
regens;regen;regen
regenfall;regenfall;regen
regenguß;regenguß;regen
regengüffe;regenguß;regen
regengüsse;regenguß;regen
regengüssen;regenguß;regen
regenperiode;regenperiode;regen
regenschauer;regenschauer;regen
regenschauern;regenschauer;regen
regenzeit;regenzeit;regen
regentag;regentag;regen
regentage;regentag;regen
regenweiter;regenwetter;regen
regenwetter;regenwetter;regen
regenwetters;regenwetter;regen
sprühregen;sprühregen;regen
starker_regen;starker_regen;regen
staubregen;staubregen;regen
strichregen;strichregen;regen
strömendem_regen;strömender_regen;regen
regen_hagel;regen_hagel;"regen;hagel"
regen_schnee;regen_schnee;"regen;schnee"
regenwolken;regenwolken;"regen;wolken"
gefallene_schnee;gefallene_schnee;schnee
gestöber;gestöber;schnee
schnee;schnee;schnee
schnees;schnee;schnee
schuee;schnee;schnee
schnee_bedeckt;schnee_bedeckt;schnee
schnee_gefallen;schnee_gefallen;schnee
schneedecke;schneedecke;schnee
schneefall;schneefall;schnee
schneefalle;schneefall;schnee
schneefalles;schneefall;schnee
schneefalls;schneefall;schnee
schneefälle;schneefall;schnee
schneefällen;schneefall;schnee
schneesall;schneefall;schnee
schneeflocken;schneeflocken;schnee
schneegestöber;schneegestöber;schnee
schneegestöbers;schneegestöber;schnee
schneemaffen;schneemasse;schnee
schneemasse;schneemasse;schnee
schneemassen;schneemasse;schnee
sehneemassen;schneemasse;schnee
schneetreiben;schneetreiben;schnee
schneetreibens;schneetreiben;schnee
schneewehen;schneewehen;schnee
schneeverwehungen;schneeverwehung;schnee
starker_schneefall;starker_schneefall;schnee
schnee_regen;schnee_regen;"schnee;regen"
schneesturm;schneesturm;"schnee;sturm"
schneesturme;schneesturm;"schnee;sturm"
schneesturmes;schneesturm;"schnee;sturm"
schneestürm;schneesturm;"schnee;sturm"
schneestürme;schneesturm;"schnee;sturm"
schneestürmen;schneesturm;"schnee;sturm"
schneewetter;schneewetter;"schnee;wetter"
sonnenschein;sonnenschein;sonnenschein
anprall;anprall;sturm
furchtbarer_sturm;furchtbarer_sturm;sturm
heftige_stürme;heftiger_sturm;sturm
heftigen_sturm;heftiger_sturm;sturm
heftigen_sturme;heftiger_sturm;sturm
heftiger_sturm;heftiger_sturm;sturm
nordsturm;nordsturm;sturm
nordweststurm;nordweststurm;sturm
seesturm;seesturm;sturm
eturm;sturm;sturm
slurm;sturm;sturm
srurm;sturm;sturm
stmm;sturm;sturm
stnrm;sturm;sturm
stnrmes;sturm;sturm
stur;sturm;sturm
sturm;sturm;sturm
sturme;sturm;sturm
sturmes;sturm;sturm
sturms;sturm;sturm
stürm;sturm;sturm
stürme;sturm;sturm
stürmen;stürmen;sturm
weststurm;weststurm;sturm
unwetter;unwetter;sturm
unwetters;unwetter;sturm
sturmfluth;sturmfluth;"sturm;fluth"
sturmfluthen;sturmfluth;"sturm;fluth"
ungewitter;ungewitter;"sturm;gewitter"
ungewitters;ungewitter;"sturm;gewitter"
sturm_regen;sturm_regen;"sturm;regen"
wolkenbruch;wolkenbruch;"sturm;regen"
wolkenbruche;wolkenbruch;"sturm;regen"
wolkenbrüche;wolkenbruch;"sturm;regen"
wolkenbrüchen;wolkenbruch;"sturm;regen"
sturmwetter;sturmwetter;"sturm;wetter"
stürmischem_wetter;stürmisches_wetter;"sturm;wetter"
stürmisches_wetter;stürmisches_wetter;"sturm;wetter"
sturmwind;sturmwind;"sturm;wind"
sturmwinde;sturmwind;"sturm;wind"
sturmwindes;sturmwind;"sturm;wind"
taue;tau;tau
thau;tau;tau
tauwetter;tauwetter;tau
tbauwetter;tauwetter;tau
thau-wetter;tauwetter;tau
thauweiter;tauwetter;tau
thauwettcr;tauwetter;tau
thauwetter;tauwetter;tau
thauwetters;tauwetter;tau
tornado;tornado;tornado
wasserhose;wasserhose;wasserhose
wasserhosen;wasserhose;wasserhose
frühlingswetter;frühlingswetter;wetter
herbstwetter;herbstwetter;wetter
herrlichsten_wetter;herrlichstes_wetter;wetter
maiwetter;maiwetter;wetter
ruhigem_wetter;ruhiges_wetter;wetter
schlackerwetter;schlackerwetter;wetter
schlechte_wetter;schlechtes_wetter;wetter
schlechten_wetters;schlechtes_wetter;wetter
schlechtes_wetter;schlechtes_wetter;wetter
schöne_wetter;schönes_wetter;wetter
schönem_wetter;schönes_wetter;wetter
schönes_wetter;schönes_wetter;wetter
schönste_wetter;schönes_wetter;wetter
schönsten_wetter;schönes_wetter;wetter
sommerwetter;sommerwetter;wetter
warmes_wetter;warmes_wetter;wetter
welter;wetter;wetter
welters;wetter;wetter
wetter;wetter;wetter
wetters;wetter;wetter
witter;wetter;wetter
wetter_begünstigt;wetter_begünstigt;wetter
wetter_günstig;wetter_günstig;wetter
wetter_schön;wetter_schön;wetter
winterwetter;winterwetter;wetter
wetterwolken;wetterwolken;"wetter;wolken"
brise;brise;wind
heftigem_winde;heftiger_wind;wind
heftigen_winde;heftiger_wind;wind
heftiger_wind;heftiger_wind;wind
landwind;landwind;wind
mäßiger_nordwind;mäßiger_nordwind;wind
no.-wind;nordostwind;wind
nordostwind;nordostwind;wind
nordostwinde;nordostwind;wind
rordostwind;nordostwind;wind
nordwestwind;nordwestwind;wind
nordwestwinde;nordwestwind;wind
nordwind;nordwind;wind
nordwinde;nordwind;wind
nordwinden;nordwind;wind
nordwindes;nordwind;wind
nordwind_barometer;nordwind_barometer;wind
ostwind;ostwind;wind
ostwinde;ostwind;wind
schwacher_nordwind;schwacher_nordwind;wind
schwacher_südwind;schwacher_südwind;wind
seewind;seewind;wind
seewinde;seewind;wind
starkem_winde;starker_wind;wind
starker_wind;starker_wind;wind
so.-wind;südostwind;wind
südostwind;südostwind;wind
südostwinde;südostwind;wind
südweststurm;südweststurm;wind
süd-westwind;südwestwind;wind
südwest-wind;südwestwind;wind
südwestwind;südwestwind;wind
südwestwinde;südwestwind;wind
südwind;südwind;wind
südwinde;südwind;wind
südwindes;südwind;wind
west-wind;westwind;wind
westwind;westwind;wind
westwinde;westwind;wind
westwinden;westwind;wind
westwindes;westwind;wind
widrige_winde;widriger_wind;wind
wind;wind;wind
winde;wind;wind
winden;wind;wind
windes;wind;wind
wiud;wind;wind
wind_weht;wind_weht;wind
wind_wehte;wind_weht;wind
wind_wetter;wind_wetter;wind
windrichtung;windrichtung;wind
windsbraut;windsbraut;wind
windstille;windstille;wind
windstillen;windstille;wind
windstoß;windstoß;wind
windstöße;windstoß;wind
windstößen;windstoß;wind
windstärke;windstärke;wind
windhose;windhose;windhose
wirbelwind;wirbelwind;wirbelwind
wirbelwinde;wirbelwind;wirbelwind
wirbelwindes;wirbelwind;wirbelwind
wirbelsturm;wirbelsturm;"wirbelwind;sturm"
frühlingswitterung;frühlingswitterung;witterung
günstige_witterung;günstige_witterung;witterung
herbstwitterung;herbstwitterung;witterung
ungünstige_witterung;ungünstige_witterung;witterung
ungünstigen_witterung;ungünstige_witterung;witterung
warme_witterung;warme_witterung;witterung
witternng;witterung;witterung
witterung;witterung;witterung
witterungs;witterung;witterung
witteruug;witterung;witterung
witterung_anhaltend;witterung_anhaltend;witterung
witterung_heiter;witterung_heiter;witterung
witterung_veränderlich;witterung_veränderlich;witterung
witterungswechsel;witterungswechsel;witterung
witterungs-verhältnisse;witterungsverhältnisse;witterung
witterungsverhältniffe;witterungsverhältnisse;witterung
witterungsverhältnisse;witterungsverhältnisse;witterung
witterungsverhältnissen;witterungsverhältnisse;witterung
bewölkter_himmel;bewölkter_himmel;wolken
gewölk;gewölk;wolken
gewölke;gewölk;wolken
grad_bewölkung;grad_bewölkung;wolken
himmel_bewölkt;himmel_bewölkt;wolken
wolke;wolken;wolken
wolken;wolken;wolken
wölkchen;wolken;wolken
wolkenmassen;wolkenmasse;wolken
wolkenschicht;wolkenschicht;wolken
grad_wärme;grad_wärme;wärme
sonnenwärme;sonnenwärme;wärme
wirme;wärme;wärme
wärme;wärme;wärme
wärmegrad;wärmegrad;wärme
schwemmung;schwemmung;überschwemmung
schwemmungen;schwemmung;überschwemmung
ucberschwemmung;überschwemmung;überschwemmung
uebcrschwemmung;überschwemmung;überschwemmung
ueberfchwemmung;überschwemmung;überschwemmung
ueberfchwemmungen;überschwemmung;überschwemmung
ueberschwcmmung;überschwemmung;überschwemmung
ueberschwcmmungen;überschwemmung;überschwemmung
ueberschwem;überschwemmung;überschwemmung
ueberschwemmung;überschwemmung;überschwemmung
ueberschwemmungen;überschwemmung;überschwemmung
ueberschwemmuugen;überschwemmung;überschwemmung
überschwemmung;überschwemmung;überschwemmung
überschwemmungen;überschwemmung;überschwemmung
